insert into
groups (id, user_address, name, description)
values
(1, '0x99bd48c8036e2876', 'Wonderful Group', 'This is a wonderful group'),
(2, '0x99bd48c8036e2876', 'Another Group', 'This is another group');

insert into
floats_groups (float_id, group_id)
values
('187900113', 1), ('196985252', 1), ('242885523', 2);

insert into
events (id, creator_address)
values
('1232913873', '0x5af9ffa987753610'),
('510073937', '0x18869786f65b39e5'),
('1228963693', '0x5af9ffa987753610'),
('187813244', '0x99bd48c8036e2876');

insert into
claims (float_id, event_id, user_address)
values
('456789876543243241', '1232913873', '0x5af9ffa987753610'),
('456789876543243242', '1232913873', '0x5af9ffa987753610'),
('456789876543243243', '1232913873', '0x5af9ffa987753610'),
('456789876543243244', '1232913873', '0x5af9ffa987753610'),
('456789876543243245', '1232913873', '0x5af9ffa987753610'),
('456789876543243246', '1232913873', '0x5af9ffa987753610'),
('456789876543243247', '1232913873', '0x5af9ffa987753610'),
('456789876543243248', '1232913873', '0x5af9ffa987753610'),
('456789876543243249', '1232913873', '0x5af9ffa987753610'),
('456789876543243250', '1232913873', '0x5af9ffa987753610'),
('456789876543243251', '1232913873', '0x5af9ffa987753610'),
('456789876543243252', '1232913873', '0x5af9ffa987753610'),
('456789876543243253', '1232913873', '0x5af9ffa987753610'),
('456789876543243254', '1232913873', '0x5af9ffa987753610'),
('456789876543243255', '1232913873', '0x5af9ffa987753610'),
('456789876543243256', '510073937', '0x18869786f65b39e5'),
('456789876543243257', '510073937', '0x18869786f65b39e5'),
('456789876543243258', '510073937', '0x18869786f65b39e5'),
('456789876543243259', '510073937', '0x18869786f65b39e5'),
('456789876543243260', '510073937', '0x18869786f65b39e5'),
('456789876543243261', '510073937', '0x18869786f65b39e5'),
('456789876543243262', '510073937', '0x5af9ffa987753610'),
('456789876543243263', '510073937', '0x5af9ffa987753610'),
('456789876543243264', '510073937', '0x5af9ffa987753610'),
('456789876543243265', '510073937', '0x5af9ffa987753610'),
('456789876543243266', '510073937', '0x5af9ffa987753610'),
('456789876543243267', '510073937', '0x5af9ffa987753610'),
('456789876543243268', '510073937', '0x5af9ffa987753610'),
('456789876543243269', '510073937', '0x5af9ffa987753610'),
('456789876543243270', '510073937', '0x5af9ffa987753610'),
('456789876543243271', '510073937', '0x5af9ffa987753610'),
('456789876543243272', '510073937', '0x5af9ffa987753610'),
('456789876543243273', '510073937', '0x5af9ffa987753610'),
('456789876543243274', '1228963693', '0x5af9ffa987753610'),
('456789876543243275', '1228963693', '0x5af9ffa987753610'),
('456789876543243276', '1228963693', '0x5af9ffa987753610'),
('456789876543243277', '1228963693', '0x5af9ffa987753610'),
('456789876543243278', '1228963693', '0x5af9ffa987753610'),
('456789876543243279', '1228963693', '0x5af9ffa987753610'),
('456789876543243280', '1228963693', '0x5af9ffa987753610'),
('456789876543243281', '1228963693', '0x5af9ffa987753610'),
('456789876543243282', '1228963693', '0x5af9ffa987753610');

insert into
pinned_floats (float_id, user_address)
values
('456789876543243278', '0xdfbad4846d532a94'),
('456789876543243279', '0xdfbad4846d532a94'),
('456789876543243280', '0x18869786f65b39e5'),
('456789876543243281', '0x18869786f65b39e5'),
('456789876543243282', '0x18869786f65b39e5');